founder_name,prior_exits,has_prior_exit,tech_depth_score,github_stars_log,has_ml_repos,founder_follower_log,team_size,fund_thesis_overlap,raised_seed,account_age_years,domain_match,series_a_success,num_languages
Alice Chen,0,0,3.07,6.18,0,3.43,8,0.6,1,9,0.17,0,3
Bob Smith,3,1,1.51,2.27,0,0.75,18,0.47,0,9,0.69,1,3
Charlie Garcia,2,1,3.39,1.97,1,2.37,21,0.72,1,1,0.39,1,3
Diana Prince,1,1,1.6,2.5,0,1.34,5,0.9,0,2,0.94,1,3
Ethan Hunt,0,0,4.34,4.36,1,2.3,6,0.51,0,12,0.14,1,3
Fiona Gallagher,0,0,2.43,5.07,0,1.95,24,0.83,0,13,0.34,1,2
George Costanza,0,0,2.99,4.97,0,3.41,8,0.69,1,1,0.11,0,5
Hannah Abbott,2,1,3.53,1.82,1,0.6,14,0.26,1,10,0.92,1,4
Ian Wright,1,1,0.81,0.52,0,0.33,16,0.65,1,2,0.88,1,3
Julia Roberts,2,1,3.03,1.07,1,1.13,12,0.92,1,10,0.26,1,3
Kevin Hart,0,0,4.27,9.17,0,5.02,5,0.86,1,12,0.66,1,3
Lara Croft,3,1,1.33,2.32,0,1.43,14,0.8,1,8,0.82,1,2
Miles Morales,2,1,1.74,3.36,0,2.78,8,0.56,1,5,0.56,1,2
Nina Simone,0,0,5.74,6.36,1,2.59,20,0.55,1,12,0.53,0,6
Oscar Isaac,0,0,1.5,2.75,0,1.24,23,0.93,1,11,0.24,0,2
Peter Parker,0,0,2.62,6.06,0,3.18,3,0.6,1,7,0.09,0,1
Quinn Fabray,0,0,3.27,2.68,1,1.51,11,0.42,1,2,0.9,1,1
Riley Reid,1,1,3.8,1.99,1,1.17,14,0.93,0,8,0.9,0,5
Sam Winchester,1,1,5.24,11.11,0,6.14,22,0.64,1,11,0.63,1,4
Tony Stark,0,0,3.76,6.91,0,3.82,7,0.58,1,6,0.34,1,5
Bruce Wayne,1,1,4.0,7.51,0,4.12,13,0.79,1,8,0.35,0,5
Clark Kent,0,0,1.24,1.1,0,0.48,13,0.87,0,1,0.73,0,4
Wanda Maximoff,0,0,1.73,1.83,0,1.21,21,0.68,1,1,0.9,0,5
Steve Rogers,0,0,3.92,3.31,1,2.44,12,0.68,1,12,0.89,1,3
Natasha Romanoff,1,1,3.84,2.6,1,2.09,24,0.14,1,7,0.78,1,4
Barry Allen,2,1,5.55,5.87,1,3.85,8,0.52,1,8,0.64,0,6
Arthur Curry,0,0,2.87,5.18,0,2.67,2,0.85,1,13,0.08,0,4
Victor Stone,1,1,5.68,8.21,1,4.92,2,0.89,1,3,0.16,1,2
Hal Jordan,1,1,1.54,2.34,0,2.59,21,0.44,1,5,0.9,1,3
Oliver Queen,0,0,2.56,3.89,0,2.84,14,0.68,0,12,0.61,1,5
Dinah Lance,1,1,3.52,7.29,0,4.15,10,0.5,0,1,0.01,0,3
John Constantine,0,0,3.3,2.25,1,2.14,4,0.61,1,7,0.1,0,2
Zatanna Zatara,0,0,1.56,1.9,0,0.95,8,0.84,1,5,0.66,1,4
Billy Batson,3,1,6.09,8.22,1,4.6,7,0.73,0,8,0.01,1,4
Shazam,3,1,4.7,9.25,0,6.25,9,0.74,1,13,0.16,1,5
Carol Danvers,2,1,3.64,2.61,1,0.91,10,0.86,1,8,0.55,1,3
T'Challa,0,0,4.73,3.32,1,1.04,6,0.88,1,9,0.69,0,7
Scott Lang,0,0,3.92,7.81,0,5.16,2,0.61,1,7,0.65,1,4
Hope van Dyne,1,1,5.3,5.75,1,3.46,20,0.85,0,11,0.22,0,5
Stephen Strange,1,1,2.73,0.82,1,0.56,11,0.58,0,1,0.71,1,2
Peter Quill,0,0,2.44,1.59,0,0.77,13,0.7,1,13,0.24,1,9
Gamora,1,1,1.81,3.52,0,1.99,25,0.97,1,3,0.33,1,2
Drax,0,0,2.83,6.57,0,3.71,16,0.71,1,8,0.75,1,1
Rocket Raccoon,3,1,2.48,4.71,0,2.51,23,0.65,1,3,0.65,1,3
Groot,0,0,2.59,3.48,0,1.9,25,0.63,1,8,0.85,0,6
Mantice,1,1,3.14,2.34,1,1.2,10,0.81,1,1,0.66,1,1
Nebula,0,0,6.72,10.81,1,6.07,21,0.42,0,5,0.57,1,2
Loki,1,1,4.82,3.06,1,1.56,18,0.91,1,4,0.09,1,8
Thor Odinson,1,1,4.02,6.54,0,2.67,18,0.54,1,5,0.37,1,7
Jane Foster,0,0,1.78,2.94,0,2.11,21,0.87,0,8,0.27,0,3
Peggy Carter,3,1,0.57,0.92,0,0.75,13,0.84,0,10,0.24,0,1
Bucky Barnes,2,1,1.37,0.43,0,0.22,8,0.76,1,14,0.97,1,6
Sam Wilson,3,1,2.54,4.36,0,2.73,3,0.65,1,4,0.39,1,4
James Rhodes,2,1,5.26,5.64,1,3.52,4,0.85,1,11,0.89,1,5
Vision,1,1,4.11,8.78,0,4.91,18,0.88,1,4,0.63,0,3
Nick Fury,3,1,1.86,3.15,0,1.62,6,0.92,1,3,0.79,1,3
Maria Hill,0,0,2.06,2.66,0,1.86,18,0.96,0,7,0.5,0,5
Phil Coulson,0,0,4.66,4.16,1,2.6,25,0.63,1,3,0.58,1,5
Melinda May,0,0,1.29,1.23,0,1.76,18,0.62,1,12,0.49,1,4
Daisy Johnson,0,0,2.84,4.1,0,3.27,18,0.79,1,3,0.2,0,6
Grant Ward,0,0,2.24,4.11,0,2.93,3,0.49,1,11,0.72,0,3
Jemma Simmons,0,0,2.02,3.06,0,1.46,3,0.78,0,10,0.28,0,4
Leo Fitz,2,1,1.68,3.19,0,1.63,23,0.86,0,5,0.02,0,2
Elena Rodriguez,0,0,4.99,8.98,0,4.89,24,0.79,1,5,0.65,0,7
Alphonso Mackenzie,0,0,5.68,4.21,1,2.67,6,0.58,1,14,0.18,0,10
Lance Hunter,1,1,1.84,2.59,0,0.18,2,0.9,1,6,0.94,0,4
Bobbi Morse,0,0,1.16,0.9,0,0.31,2,0.48,1,8,0.95,1,4
Luke Cage,2,1,2.57,4.92,0,2.8,20,0.85,1,10,0.91,1,3
Jessica Jones,0,0,1.65,1.62,0,0.21,3,0.83,1,6,0.37,0,5
Matt Murdock,3,1,2.04,2.61,0,1.96,22,0.57,1,12,0.02,0,5
Danny Rand,2,1,2.46,3.64,0,1.61,13,0.79,1,1,0.93,0,5
Frank Castle,0,0,4.06,9.16,0,5.63,7,0.63,1,8,0.43,0,2
Claire Temple,0,0,5.1,6.75,1,5.44,24,0.62,1,8,0.97,1,2
Colleen Wing,2,1,2.51,3.78,0,1.46,5,0.7,1,9,0.96,1,5
Misty Knight,2,1,3.94,8.85,0,5.24,24,0.78,1,9,0.85,1,2
Wilson Fisk,2,1,4.66,6.15,1,3.49,12,0.64,1,2,0.29,1,1
Vanessa Marianna,2,1,1.42,0.56,0,0.04,25,0.95,0,2,0.39,0,6
Karen Page,0,0,4.25,8.63,0,5.56,18,0.76,1,3,0.85,0,4
Foggy Nelson,0,0,2.15,3.88,0,2.88,7,0.51,1,1,0.32,0,3
Ben Urich,0,0,1.11,0.28,0,0.55,25,0.7,1,4,0.17,0,5
Leland Owlsley,2,1,5.62,6.56,1,3.57,6,0.67,1,14,0.56,1,5
Turk Barrett,1,1,3.9,4.26,1,3.77,21,0.72,1,4,0.94,1,1
Brett Mahoney,0,0,4.32,3.3,1,1.09,3,0.9,1,14,0.7,0,5
Marci Stahl,0,0,3.74,5.84,0,2.99,7,0.38,0,9,0.57,0,7
Blake Tower,0,0,4.33,3.32,1,2.08,23,0.77,1,9,0.1,1,5
Jeri Hogarth,0,0,4.6,4.49,1,2.74,12,0.28,1,9,0.62,1,4
Malcolm Ducasse,2,1,4.01,3.03,1,2.06,17,0.92,1,10,0.99,1,4
Trish Walker,1,1,1.46,3.14,0,2.67,17,0.68,1,7,0.14,1,1
Will Simpson,2,1,0.89,1.22,0,0.67,2,0.75,1,14,0.52,1,2
Hope Shlottman,1,1,4.9,4.76,1,2.91,10,0.85,0,2,0.88,1,5
Kilgrave,0,0,7.18,11.95,1,6.87,7,0.4,1,10,0.74,1,2
Reva Connors,2,1,2.03,2.57,0,1.84,17,0.66,0,5,0.7,1,5
Cottonmouth,2,1,0.86,1.64,0,0.82,4,0.87,0,4,0.7,1,1
Mariah Dillard,1,1,3.24,2.09,1,1.09,21,0.71,1,12,0.36,1,2
Shades Alvarez,2,1,0.53,0.83,0,0.77,5,0.7,1,11,0.29,0,1
Diamondback,1,1,3.54,2.86,1,2.23,20,0.89,1,8,0.81,1,2
Pop,1,1,4.03,3.08,1,0.74,4,0.64,1,2,0.81,1,4
Alice Chen,1,1,1.98,3.44,0,2.24,20,0.61,1,6,0.87,1,3
Bob Smith,0,0,3.22,6.05,0,3.49,21,0.52,1,13,0.91,1,4
Charlie Garcia,0,0,1.59,1.97,0,1.66,8,0.73,1,5,0.51,0,4
