n_founders,founder_prior_exits,founder_ivy,founder_phd,team_size_at_seed,sector,location,seed_amount_usd,months_since_seed,pivot_count,has_patent,github_stars_proxy,press_mentions,domain_overlap,series_a_success
1,0,0,1,8,HealthTech,Boston,2107566,36,2,0,1747,13,0.2076822517706749,0
4,0,0,0,7,Robotics,Seattle,1003139,17,2,0,1644,2,0.00241139743167762,0
3,1,1,0,4,AI/ML,New York,940478,20,2,0,269,3,0.5246341563952881,0
2,2,0,0,9,DevTools,Remote,564069,45,1,0,1158,17,0.19468169686195091,1
2,2,0,0,8,Climate,Seattle,211766,41,0,0,3589,17,0.7242425757268991,1
4,2,0,0,9,AI/ML,Remote,1603385,23,1,0,1806,16,0.9622138556176058,0
1,1,0,1,6,DevTools,Seattle,2962922,16,0,0,3641,4,0.20875548899907026,1
3,0,0,0,10,Climate,Boston,816135,18,2,0,2130,15,0.6490970117635326,0
1,1,0,0,5,Climate,Boston,1432447,28,1,0,2192,1,0.21183446145851137,1
1,2,1,0,10,AI/ML,Remote,2819542,29,2,0,1719,4,0.018006858979704,1
3,0,0,0,4,FinTech,Remote,2362472,13,1,0,2226,14,0.7585541942145848,0
4,2,0,0,4,FinTech,Austin,211208,8,1,0,266,18,0.4340046766508928,0
3,2,1,0,7,Climate,San Francisco,1601669,26,2,1,230,19,0.9467868615146531,1
4,0,0,0,7,HealthTech,San Francisco,600950,39,1,0,1903,29,0.5342858821434056,0
3,2,0,1,9,Climate,New York,891653,12,1,0,2391,25,0.15748286897568398,1
4,2,1,0,4,SaaS,San Francisco,890132,23,1,0,2203,11,0.4497744417972779,1
3,0,1,0,10,SaaS,New York,1914936,12,2,0,1716,23,0.2028917948060165,0
1,0,0,0,5,FinTech,San Francisco,757078,16,2,0,1176,2,0.8780292726865745,0
4,1,0,1,7,Robotics,Remote,905225,31,0,0,2836,25,0.6909031808875248,0
2,2,0,0,11,FinTech,San Francisco,832179,18,1,0,2418,11,0.3412388046547036,0
3,0,0,0,7,AI/ML,Boston,1199279,17,1,0,188,22,0.5278203228071404,0
2,1,0,0,8,AI/ML,Austin,2036933,47,1,0,1809,29,0.6694801882130285,1
1,0,0,0,11,FinTech,New York,1319907,13,0,0,2843,21,0.7828577166454253,1
4,1,0,0,11,Robotics,Seattle,1117033,13,2,0,3136,27,0.08014720987054169,0
4,1,1,0,6,FinTech,Remote,1649287,45,2,0,1147,0,0.022518841995246786,0
3,0,0,0,6,Climate,Seattle,1922068,29,0,0,3699,5,0.11445269716988982,1
2,2,0,0,3,HealthTech,Remote,243005,7,0,0,2606,18,0.394996310172563,1
4,2,0,0,7,AI/ML,Boston,2692722,23,1,0,1750,16,0.466706610082092,0
3,2,1,0,11,DevTools,Seattle,2766006,29,0,1,2508,3,0.13646163021384838,1
2,0,0,0,6,AI/ML,San Francisco,1887158,16,2,0,3486,21,0.4111531378996053,0
2,0,0,0,5,DevTools,Remote,1808887,29,2,0,907,1,0.4416227863618305,1
1,0,0,1,3,DevTools,Seattle,2144691,33,2,0,601,29,0.10908996367748669,0
1,1,0,0,5,DevTools,New York,1434421,16,1,0,1761,4,0.916659960195734,0
3,0,0,0,4,FinTech,Austin,1223409,40,2,0,335,13,0.5991459275877076,0
4,2,0,1,11,SaaS,Boston,1187534,25,0,0,3342,24,0.3885355304562821,1
1,2,0,0,7,Climate,San Francisco,647267,46,0,0,3881,15,0.5069071834722066,0
4,2,1,0,3,FinTech,Seattle,2555272,9,0,0,2422,22,0.31419748646880674,1
4,0,1,1,2,DevTools,New York,1097635,19,2,0,3919,21,0.854331031644593,0
2,0,0,0,10,AI/ML,San Francisco,996322,36,1,0,274,28,0.5750150415685037,0
3,2,0,0,11,Robotics,New York,2899991,43,0,1,2530,13,0.49489581439354347,1
1,0,0,0,9,SaaS,Remote,1618778,15,0,0,1771,29,0.9108854030955976,0
4,1,1,0,3,HealthTech,New York,1941071,47,1,0,1109,15,0.8379796982340677,1
3,2,0,0,2,Climate,Boston,887246,14,0,0,1247,26,0.8128018914258494,0
2,0,0,0,3,Climate,Seattle,977031,23,1,0,2180,21,0.22560920423184416,0
1,0,0,0,9,Climate,San Francisco,2239349,19,1,0,2566,3,0.15312311146835678,0
4,0,1,0,9,AI/ML,Seattle,1462562,23,0,0,656,19,0.6900965197127477,1
2,0,0,0,10,Robotics,New York,613685,43,0,0,2458,26,0.4686422563413959,1
4,0,0,0,2,Robotics,Seattle,2539436,36,1,0,3706,3,0.6837127129568435,1
3,2,0,1,3,Robotics,New York,1327731,39,1,0,41,25,0.7606272321111164,1
4,1,1,0,11,Robotics,San Francisco,2071641,16,0,0,3513,3,0.2953135073447509,1
4,2,0,0,11,Robotics,Seattle,1155568,45,1,0,2430,26,0.2846504331228087,1
1,2,0,0,9,SaaS,Seattle,1769827,24,1,0,1368,23,0.4908315662581837,1
2,2,1,0,3,AI/ML,Remote,2371764,33,0,0,2939,4,0.27354931352649736,0
2,0,1,0,2,DevTools,Seattle,2678456,35,1,0,2471,21,0.6672952760161995,0
2,0,0,1,2,FinTech,Austin,780564,33,0,1,3074,3,0.7467304458807168,0
1,2,0,0,8,FinTech,New York,2082830,31,0,0,325,17,0.47203894605324437,1
3,0,0,0,10,SaaS,New York,2760990,26,0,0,235,27,0.7237997655986432,0
1,0,1,1,8,SaaS,Boston,1999643,33,0,0,2568,6,0.5104375690707762,0
3,2,0,0,4,DevTools,Austin,600651,44,0,0,1214,5,0.7128717219670092,1
3,2,0,0,9,SaaS,Austin,731350,22,2,0,953,12,0.22496824779572533,1
4,2,0,0,2,AI/ML,New York,767846,27,0,1,1685,11,0.738843045933042,1
3,2,0,0,10,FinTech,Austin,497888,13,2,0,2900,1,0.7151240234570178,0
2,0,1,0,10,Robotics,New York,2310451,20,2,0,719,13,0.26660570704917763,1
4,2,0,0,9,DevTools,San Francisco,2902397,38,2,0,3892,7,0.555970991040175,1
2,2,0,1,10,DevTools,San Francisco,1647262,32,2,0,1682,3,0.8553116678744016,1
2,2,1,1,7,DevTools,Boston,1876803,14,0,0,602,8,0.24952264697243898,1
4,2,1,1,6,FinTech,Austin,2366360,28,1,0,284,0,0.7359797840146763,1
2,2,1,0,5,SaaS,San Francisco,1363913,40,2,0,3429,27,0.9539667171468871,1
1,1,0,0,11,SaaS,Boston,1522881,11,1,0,452,29,0.8662419197575649,1
2,0,0,1,8,Climate,San Francisco,1849258,8,0,0,1675,11,0.40152008268027617,0
4,1,0,0,3,HealthTech,San Francisco,1053000,22,1,0,2674,26,0.6072077329881385,0
1,0,0,0,11,Climate,San Francisco,373073,33,2,0,2052,13,0.9917701342527039,0
2,0,1,0,2,Robotics,Austin,1789764,19,2,0,1050,27,0.5684374113757185,0
1,0,0,0,7,Climate,Remote,2501956,40,1,0,431,5,0.11502760243036658,0
3,2,0,0,3,DevTools,New York,405038,41,0,0,2845,8,0.04543075477876091,1
2,1,1,1,8,FinTech,New York,806607,28,0,0,1961,22,0.7903145097440284,1
2,1,0,0,6,DevTools,New York,936378,21,0,0,192,6,0.42362832540184614,0
1,2,0,0,6,HealthTech,Austin,2452728,7,1,0,724,24,0.24681289062919443,1
3,1,0,1,8,Climate,Seattle,1612877,40,0,0,2250,12,0.347672030660947,0
3,1,0,0,9,AI/ML,New York,1696259,43,1,0,673,12,0.7573728665464523,1
4,0,0,0,5,FinTech,Boston,2006736,24,0,0,1565,13,0.46524733563382914,0
2,2,0,1,11,SaaS,Remote,974401,27,0,0,498,23,0.8684994925258765,1
1,1,1,0,6,HealthTech,Remote,2197927,37,0,0,3187,0,0.7349255887776993,0
4,0,0,0,3,DevTools,Boston,284587,35,0,1,2521,22,0.974014150445425,0
3,2,0,0,2,DevTools,Seattle,518413,11,2,0,3135,23,0.8885037667898433,1
3,2,0,0,4,DevTools,Remote,2484333,34,2,0,209,24,0.25454721178600914,0
1,0,0,0,8,SaaS,Seattle,2042976,44,2,0,1502,29,0.6590592328025533,1
2,0,0,0,7,FinTech,New York,694088,37,1,0,1070,23,0.020543034528143878,0
4,0,0,0,5,SaaS,San Francisco,1428513,26,0,1,2490,15,0.9911067244295982,1
4,0,0,0,6,FinTech,San Francisco,345054,27,2,0,3285,13,0.26100610880259656,0
2,0,0,0,10,HealthTech,Remote,2081178,16,1,0,910,11,0.664795093623584,1
4,2,1,1,7,Climate,Boston,2316457,33,2,0,3078,24,0.8491536211995653,1
4,1,0,0,2,Robotics,New York,979519,16,1,0,2321,11,0.16046466272797144,0
2,2,0,0,2,FinTech,Austin,1180121,20,1,0,3296,17,0.8478793428104792,1
4,2,1,0,6,Climate,New York,863090,17,1,0,325,2,0.012245665790822424,1
2,1,1,0,6,AI/ML,Seattle,1290135,20,0,0,3963,9,0.4419771380854074,0
1,1,0,0,10,AI/ML,Boston,962479,21,1,0,1738,7,0.47203762253113846,1
3,0,0,0,7,SaaS,Remote,891789,9,2,1,1120,13,0.3740907132587359,0
3,0,0,1,9,SaaS,New York,1404577,36,0,0,730,15,0.5863847463004997,1
1,1,0,0,7,HealthTech,Austin,2605699,24,0,0,3939,21,0.914842348702632,0
4,0,0,1,5,Climate,San Francisco,2335654,45,2,0,3533,12,0.3269891143002891,0
1,0,0,1,8,HealthTech,Remote,1032522,13,1,0,524,4,0.5792598871664242,0
4,0,0,0,8,FinTech,Boston,2839969,34,2,1,1779,16,0.8774625257433228,1
1,2,0,0,9,DevTools,Boston,788539,13,1,0,2934,1,0.7729953951013782,1
4,1,1,0,3,HealthTech,Austin,2750073,28,1,0,2363,25,0.040733264805495994,1
4,2,0,1,8,SaaS,New York,1065899,26,2,1,756,23,0.9427907641276623,0
4,1,0,0,4,HealthTech,Remote,1712738,24,1,0,1441,6,0.04664690425861273,0
3,0,0,0,9,HealthTech,Austin,768818,33,0,0,1472,7,0.5887584743743296,1
2,1,0,1,9,DevTools,Seattle,2333669,40,1,0,1154,0,0.5753536203151648,1
3,0,0,0,8,SaaS,San Francisco,1089434,19,0,0,3842,10,0.7863902307023161,0
2,2,1,0,11,FinTech,New York,2643198,41,1,0,811,1,0.14844305184897766,1
4,0,1,0,7,Robotics,Seattle,432221,13,2,0,2826,28,0.17937039206270378,0
3,1,1,1,2,DevTools,San Francisco,1605604,18,0,1,3647,4,0.7521069327383605,1
2,2,1,1,8,Climate,San Francisco,643884,19,2,0,3179,19,0.14950475241162509,1
3,1,1,0,9,Robotics,Seattle,2689079,46,1,0,3197,17,0.46944512706563957,0
3,1,1,0,3,DevTools,New York,1367748,10,0,0,635,7,0.7316480902109319,1
1,1,0,0,3,FinTech,New York,2088527,22,0,0,533,24,0.6512419287826812,0
1,2,0,0,4,SaaS,Boston,2662507,23,2,1,3131,3,0.21060418611309517,0
1,0,0,0,10,AI/ML,New York,1699783,39,2,0,2986,26,0.30396025868608556,0
1,1,0,1,7,DevTools,San Francisco,360414,26,2,0,2967,22,0.968974903241041,1
2,2,0,0,11,Robotics,San Francisco,818021,46,1,0,1674,19,0.4486706201548839,1
3,1,1,0,10,HealthTech,San Francisco,795489,37,1,0,2093,26,0.04445747643638054,0
3,1,0,0,7,Climate,San Francisco,2759712,35,1,1,61,12,0.21958489946633264,0
2,0,0,0,8,DevTools,Seattle,2743367,37,1,0,1164,8,0.34243508966183767,0
4,0,0,0,5,FinTech,New York,1535487,12,0,0,2113,4,0.9994894042945859,0
3,2,0,0,2,HealthTech,San Francisco,2692041,24,0,0,502,27,0.3026915474769186,1
1,1,0,0,5,DevTools,San Francisco,888843,30,2,0,520,12,0.026395848782544973,0
4,0,1,1,7,AI/ML,Austin,2102462,14,1,0,180,24,0.512921577555336,1
3,1,0,0,3,HealthTech,Remote,1297415,10,0,0,839,9,0.08360538497397707,0
3,1,0,0,4,HealthTech,Austin,873325,11,2,0,3971,28,0.27406759869572184,1
3,1,0,1,2,SaaS,San Francisco,900031,39,0,0,2784,26,0.9923831760939391,1
3,2,0,0,9,AI/ML,New York,1375469,33,1,0,3793,9,0.7046385189301544,1
1,0,0,0,10,SaaS,Austin,1151042,17,0,0,1028,14,0.05066662928287036,0
3,1,1,0,10,HealthTech,New York,791418,36,1,0,2395,23,0.448686718591796,1
4,1,1,1,5,Climate,Remote,1135608,35,1,0,3567,6,0.1716375126288493,1
2,2,0,0,7,DevTools,Seattle,560047,40,2,0,1408,0,0.12294465640212127,0
3,0,1,1,11,HealthTech,Austin,2915076,44,2,0,2628,8,0.587065413348802,1
1,0,0,0,7,Robotics,Remote,1263995,43,2,0,2771,17,0.5056558896402157,0
2,1,1,0,4,FinTech,New York,500670,13,0,0,3329,4,0.7428665843155082,0
2,1,0,0,5,AI/ML,San Francisco,1812300,38,0,1,3877,10,0.8923062282318597,0
4,2,0,0,9,SaaS,Remote,2672736,22,2,0,2460,27,0.24668185743166193,1
1,1,1,0,6,Climate,Remote,1207811,22,2,0,2330,2,0.9229919866553971,1
2,2,0,0,10,Robotics,New York,2566677,33,0,1,3475,1,0.5179917725540955,1
2,1,0,1,10,DevTools,Boston,1910308,31,0,0,2738,12,0.25883491818511717,1
4,0,0,0,2,AI/ML,New York,2269903,23,1,0,1446,0,0.8457858381026093,0
4,0,0,0,9,AI/ML,Boston,1029513,47,0,0,2520,0,0.0355299180290225,0
1,2,0,0,5,DevTools,Seattle,303417,13,0,0,2196,5,0.5595093774729606,1
1,0,1,0,7,FinTech,Seattle,1168381,10,2,0,915,3,0.7216215350299666,0
4,2,1,0,4,Robotics,Boston,2788481,7,1,0,2063,24,0.27997768715614324,1
1,0,0,0,5,AI/ML,Seattle,2413886,40,0,0,2494,3,0.8634919175632179,1
4,0,0,0,5,Robotics,Boston,2395652,23,1,0,3615,15,0.24028456335798487,1
2,0,0,0,2,FinTech,Seattle,2659281,24,1,0,2321,21,0.8398742827317391,1
4,1,0,1,9,AI/ML,New York,1245145,33,1,1,659,18,0.07854496383245724,1
2,1,0,0,3,FinTech,Austin,1101695,24,2,0,3950,19,0.1599275918684313,1
2,2,1,0,5,FinTech,Austin,2790544,30,0,0,2312,10,0.38098458390190815,1
3,1,1,0,3,HealthTech,Boston,1800244,8,1,1,1148,26,0.8540555127981793,1
1,1,1,0,3,HealthTech,San Francisco,1034285,12,2,0,3017,2,0.14458536512678244,0
3,1,0,1,5,DevTools,New York,978854,45,1,0,1538,3,0.8754382397942415,1
3,2,0,1,11,DevTools,Remote,2656381,24,2,0,1480,25,0.22973152661279372,0
4,1,0,1,11,AI/ML,San Francisco,349336,13,1,0,3357,2,0.45250839859452874,0
4,0,0,0,5,AI/ML,Boston,372741,21,1,0,3470,5,0.35273440426033775,0
3,1,0,0,7,FinTech,Boston,2266000,20,2,0,2095,5,0.11812622661452354,0
2,2,0,0,11,FinTech,Austin,203780,17,1,0,1492,0,0.9443097395191401,1
2,0,0,0,4,AI/ML,San Francisco,678809,18,2,0,3453,3,0.4381782907522135,0
2,2,1,0,11,HealthTech,San Francisco,2973772,36,2,0,693,17,0.6903312613561945,1
4,1,0,0,3,DevTools,New York,1391995,10,2,0,2988,19,0.5752676766640311,0
2,1,1,1,4,HealthTech,San Francisco,2237457,19,0,0,2336,2,0.5017159168522074,1
1,0,0,0,5,HealthTech,San Francisco,1563727,25,1,0,3416,28,0.616577623556849,0
2,2,0,0,2,DevTools,San Francisco,453599,28,2,0,1682,2,0.8983423062024289,1
1,0,0,1,10,DevTools,New York,716520,42,1,0,3328,20,0.6993123756941095,1
1,0,0,0,10,HealthTech,Remote,2331077,44,0,0,60,24,0.5324800794552211,0
1,1,0,0,5,FinTech,Boston,464754,18,0,0,3033,15,0.6451859606659763,0
4,1,0,0,10,HealthTech,San Francisco,1864926,28,2,1,279,14,0.6063942805090216,0
3,1,1,1,9,AI/ML,Boston,1174436,6,0,0,2569,3,0.4331212074863131,1
3,0,0,0,10,DevTools,San Francisco,1236832,31,0,0,781,7,0.6247640101304504,1
2,0,0,0,10,Robotics,Austin,2866400,12,2,0,3853,25,0.4435698001641636,0
3,0,0,0,7,HealthTech,San Francisco,1896619,9,0,0,3077,10,0.7576143778719123,0
1,1,0,0,3,AI/ML,San Francisco,1922379,34,2,0,418,1,0.9689124835222855,1
4,1,0,0,11,Climate,San Francisco,1180998,13,1,1,3568,21,0.9598653574972292,1
3,1,0,0,8,AI/ML,Austin,1267948,26,2,1,1007,20,0.8207357864249805,1
4,1,1,0,11,FinTech,Austin,2120158,10,1,0,2182,1,0.6017588970594852,1
1,2,1,0,11,FinTech,Austin,308950,37,2,0,341,1,0.7493319880707405,1
2,1,0,0,3,Robotics,Boston,864445,38,2,0,422,3,0.1780482952575544,0
3,1,0,0,6,Robotics,Seattle,1880765,30,0,0,965,1,0.47901845731392256,1
2,1,0,0,3,DevTools,Seattle,1945901,41,2,0,2137,18,0.25730476499136434,1
2,1,1,1,2,Climate,Boston,458321,24,2,0,2171,3,0.003494981109347095,0
1,1,0,0,11,Climate,Boston,2405914,13,0,0,3422,18,0.966737574672076,1
2,0,0,0,11,Climate,Austin,1719123,12,0,1,660,5,0.8638485618518413,0
1,0,0,1,11,DevTools,New York,865598,15,0,0,2997,29,0.5136986184699268,0
2,2,1,0,10,Robotics,Austin,2305461,14,0,0,23,21,0.2541522881190068,1
3,1,0,0,8,SaaS,San Francisco,2974455,19,1,1,1164,11,0.6929752101992367,0
3,1,1,0,7,AI/ML,Remote,1386038,15,2,0,700,12,0.4348010845499275,0
3,0,1,0,11,HealthTech,Austin,993648,30,1,0,495,1,0.8033495334226994,1
2,1,0,0,7,Robotics,Seattle,1038352,12,0,0,2338,1,0.9995181101809494,0
4,1,1,1,8,HealthTech,Remote,1859289,32,1,0,3602,16,0.3490826074898701,0
1,1,0,0,4,FinTech,Austin,332675,20,0,0,2667,0,0.24440304347804775,1
2,1,0,0,9,Robotics,Remote,1553601,34,2,0,3416,19,0.26738248879475823,0
1,1,0,0,10,Climate,Austin,269378,27,0,0,2365,11,0.09334624568067196,1
2,2,1,0,8,DevTools,San Francisco,308024,44,2,0,214,4,0.3940461965001554,1
4,1,0,0,6,HealthTech,San Francisco,1404074,24,1,0,1383,16,0.017425052716909306,1
2,2,0,0,3,AI/ML,San Francisco,2287439,18,0,0,3294,16,0.1143955574012756,1
4,2,0,0,2,HealthTech,Remote,2673366,30,2,0,176,22,0.2716957472726703,0
2,1,0,0,8,DevTools,Austin,445378,33,1,0,388,5,0.15986277590948073,1
3,2,0,0,8,Robotics,New York,883375,24,2,0,3335,16,0.7321590995007252,1
2,0,0,0,9,HealthTech,Austin,1380652,29,1,0,253,25,0.10560479086790031,1
2,2,0,0,11,FinTech,New York,1807355,25,2,0,3837,8,0.8659941050245247,1
4,2,1,0,6,HealthTech,Remote,2963740,18,1,0,3034,25,0.22111450371095287,0
4,1,0,0,10,Robotics,Remote,2116056,19,0,0,2660,21,0.10859061697156769,1
2,2,0,0,9,DevTools,San Francisco,1707410,44,0,0,2145,12,0.010106644431258527,1
4,1,0,0,4,HealthTech,Seattle,370323,34,1,0,357,26,0.7152050043221464,1
2,0,0,0,10,Climate,Austin,426280,10,1,0,1658,29,0.256616745938542,0
3,2,0,0,2,Climate,San Francisco,628681,46,2,0,3231,7,0.5094986051377748,0
4,0,0,0,7,HealthTech,Remote,2050209,35,1,0,3615,29,0.11161604667215574,1
2,0,1,0,11,Robotics,San Francisco,1127575,8,2,0,1787,0,0.9852959232362493,1
3,1,0,1,8,Climate,New York,874640,36,0,0,3357,3,0.1253847390699553,1
2,2,0,0,11,AI/ML,San Francisco,2076260,30,1,0,3106,1,0.4119259266418782,0
1,1,0,0,2,HealthTech,Austin,2483025,44,2,0,230,11,0.8516495023344659,0
1,1,1,0,7,Robotics,Boston,1429298,26,0,0,2480,28,0.24488694848040682,0
2,0,0,0,9,HealthTech,New York,2669187,27,0,0,2464,18,0.2669717853461734,0
4,0,0,0,8,DevTools,San Francisco,2255746,19,2,1,2171,18,0.8084995158907329,1
1,0,1,1,10,Climate,San Francisco,2205546,19,1,0,3089,2,0.2733396571920127,0
2,0,0,0,6,Climate,Remote,2629274,31,2,1,3557,15,0.0028713110948129783,0
3,2,1,0,8,Robotics,Seattle,714662,40,1,0,2201,11,0.4279137204899498,1
1,2,0,0,6,FinTech,Remote,2323442,43,2,0,1281,14,0.01253520967847499,0
3,2,0,0,10,DevTools,Boston,2881663,38,2,0,3932,7,0.9097922838293668,0
2,0,0,0,3,DevTools,Boston,2978292,31,2,0,3854,6,0.6418132241792209,1
4,0,1,0,4,FinTech,Seattle,1818522,27,0,0,2744,28,0.5830142662212422,0
3,0,0,0,2,Climate,Boston,2312210,20,1,0,2562,16,0.2015895108623631,1
3,1,0,1,9,AI/ML,Austin,2688099,38,0,0,416,12,0.6999461854286363,1
1,1,0,0,4,DevTools,New York,2586101,19,0,0,1606,2,0.6772546436783458,0
2,1,0,0,5,HealthTech,Austin,2713817,17,0,1,793,22,0.060463573925364944,1
4,0,0,1,10,FinTech,San Francisco,2530625,42,1,0,2059,14,0.8808465308105725,0
1,2,0,0,5,SaaS,New York,1267669,30,1,0,3304,11,0.5794133629298055,1
4,0,1,0,3,FinTech,Seattle,2244744,20,2,0,898,20,0.7924668810386102,1
2,0,0,0,2,FinTech,Remote,1349226,42,0,0,3987,3,0.2629140721288442,0
3,2,0,0,4,SaaS,San Francisco,2445045,46,1,1,518,15,0.12204779975345414,1
3,2,0,0,11,Robotics,San Francisco,2468680,19,2,0,393,25,0.7024495731867846,0
2,0,0,0,7,AI/ML,San Francisco,2817113,27,2,1,3897,13,0.7938826862551621,0
2,1,0,0,11,FinTech,Seattle,1847294,26,0,0,401,0,0.3860335336192914,1
3,2,0,0,4,Climate,New York,1530580,35,2,0,2940,6,0.02369227531631124,0
1,2,0,0,5,SaaS,New York,663525,45,0,0,3053,1,0.8182540246538645,1
3,2,0,0,3,Robotics,San Francisco,1987203,29,1,0,1320,15,0.20609390633044067,0
1,1,0,0,5,DevTools,Remote,1785933,39,1,0,257,10,0.3390319418974882,1
3,1,0,1,7,AI/ML,Austin,1641831,31,2,0,1233,3,0.6282310077771303,0
3,2,0,0,10,Robotics,Seattle,2093709,43,2,1,274,20,0.09995471921130272,1
1,0,0,0,5,FinTech,Seattle,2582903,22,2,0,2688,5,0.07199576613846315,1
4,0,0,0,9,AI/ML,San Francisco,616281,22,2,0,3555,10,0.02570377157527426,1
2,1,1,0,8,Climate,Seattle,1407806,23,1,0,3988,29,0.9166398602394554,1
4,2,1,0,4,Climate,Boston,2222452,47,2,1,3201,1,0.31138274426865564,0
1,0,0,0,11,AI/ML,Boston,2495234,31,0,0,3098,7,0.6606588151171319,1
1,1,0,0,6,FinTech,New York,2379488,12,1,0,3526,9,0.9892352490177422,1
2,1,0,1,3,Climate,Remote,2438192,7,0,0,3079,15,0.6694507935619435,0
1,1,0,0,11,FinTech,Remote,2594104,27,2,0,2602,7,0.52509479585618,0
2,2,0,0,11,Climate,Austin,2893281,39,2,0,3985,29,0.5209199335172385,1
3,0,0,1,2,HealthTech,San Francisco,1902583,26,2,0,1290,0,0.3769171484555517,0
1,2,0,1,11,Climate,Remote,896977,29,2,0,1651,28,0.5997796559550853,0
3,1,1,0,11,DevTools,Remote,1777918,39,0,0,3625,16,0.9587913895457043,1
1,2,0,0,10,HealthTech,Boston,2186934,27,2,0,1244,1,0.7880440336983101,1
1,1,0,0,4,HealthTech,Boston,481966,44,1,0,1194,3,0.4242266170332375,0
3,0,0,0,8,Climate,New York,2319374,32,2,0,608,3,0.33244482903253325,0
4,2,1,0,7,DevTools,San Francisco,1723790,36,2,0,1102,8,0.8835315296231214,0
1,2,0,1,8,Climate,Remote,2821579,38,1,0,2374,9,0.1357858256265938,0
2,0,0,1,8,Climate,Austin,793112,32,0,0,3545,19,0.8495852569643018,1
4,2,0,0,8,FinTech,New York,2739326,8,1,1,545,9,0.25507676134233237,1
4,2,0,0,7,Robotics,Seattle,1454412,23,1,0,2723,21,0.7156292357759177,1
3,1,1,1,8,DevTools,San Francisco,1805872,11,2,0,3065,8,0.80622058077483,1
2,2,0,1,7,SaaS,San Francisco,2048008,27,1,0,3582,7,0.4769965172634726,1
2,1,0,0,2,Robotics,New York,1821628,12,1,0,3000,8,0.19228397614227433,1
3,1,0,0,2,Robotics,Austin,2730728,27,1,0,623,9,0.8447677434623754,0
3,0,0,1,11,Climate,Austin,668415,20,0,0,1955,25,0.36750834505331476,0
2,2,1,0,11,SaaS,New York,2243656,6,0,0,3809,7,0.3206802604825193,0
1,0,0,0,7,DevTools,Austin,2929895,11,0,0,3633,8,0.5100161823534396,0
1,2,0,1,3,SaaS,Austin,816331,27,1,0,2450,28,0.4350862411039177,1
4,1,1,1,9,HealthTech,Boston,914048,9,1,1,3852,19,0.6830522170387242,1
2,1,1,1,3,Climate,Boston,1530031,41,2,0,2672,5,0.13719780837266538,1
2,0,0,0,5,AI/ML,Remote,2229261,37,2,0,259,26,0.43568965404787297,0
2,2,0,0,5,Robotics,Seattle,2885144,35,0,0,3656,5,0.891701811225204,1
4,0,0,0,2,FinTech,New York,2428226,13,0,0,672,4,0.03606270943972545,0
1,1,0,0,10,Climate,Remote,2423252,39,1,0,1523,13,0.4573383331533264,0
1,2,0,0,7,AI/ML,Boston,1435403,32,2,0,952,20,0.6605319663852102,0
2,2,0,0,5,FinTech,New York,2007077,22,0,0,2878,5,0.8877110870419853,1
2,2,1,0,7,Robotics,Austin,791342,6,0,0,119,22,0.5937862269331757,1
3,2,1,0,2,SaaS,Seattle,1496818,28,0,0,2561,4,0.8244842712393285,1
2,1,1,0,6,FinTech,Seattle,729089,39,1,1,3457,23,0.22269101895928645,0
2,0,1,0,7,AI/ML,Austin,275945,7,2,0,3151,2,0.35280943622785954,0
4,2,0,0,5,SaaS,San Francisco,2598188,8,2,0,1227,13,0.9421322739280427,1
1,2,1,0,10,Robotics,New York,2453240,22,1,0,3587,19,0.8859751130926863,1
3,2,1,0,4,FinTech,San Francisco,1630118,27,0,1,1448,7,0.5579529826887045,1
3,1,0,1,3,Climate,Seattle,240586,25,1,0,2720,18,0.47548833779484523,1
2,0,0,0,7,FinTech,Boston,452383,23,1,0,2026,20,0.4510673914544585,0
4,1,0,0,10,SaaS,Austin,512955,16,0,0,270,19,0.05878966156701604,0
2,1,0,0,5,HealthTech,Seattle,2207654,8,2,0,11,11,0.8923771039565669,0
4,2,0,0,2,AI/ML,Seattle,769776,7,2,0,732,23,0.8181495084153355,0
2,1,0,0,11,HealthTech,Seattle,900478,10,0,1,3738,21,0.4562511447278671,0
3,0,0,0,6,DevTools,San Francisco,2611074,34,0,0,3815,9,0.2794399727194734,0
3,0,0,0,3,SaaS,Boston,2653905,39,0,0,1640,22,0.34292060642653055,0
4,2,0,0,8,AI/ML,Remote,2336549,24,2,0,3874,27,0.12316058587288947,1
2,2,1,0,5,Robotics,Seattle,1823825,9,1,0,197,24,0.7217897413057226,1
2,0,1,0,11,Climate,New York,760758,23,0,1,3869,21,0.5566698565548577,0
1,1,0,0,4,Robotics,Austin,2602134,47,0,0,923,22,0.23410342282489494,0
2,1,0,0,7,Robotics,Remote,437603,16,0,0,147,24,0.6230055720776897,0
4,1,0,0,7,FinTech,San Francisco,2284330,26,1,0,3031,8,0.9792302142549747,1
1,2,1,1,4,AI/ML,Boston,1632287,28,2,0,1529,21,0.1223951354761792,1
4,0,1,0,6,SaaS,San Francisco,2320922,19,0,0,1169,5,0.45848501062532776,1
3,0,0,0,3,FinTech,Remote,1462065,24,0,0,3038,10,0.4941588209221267,0
1,0,1,0,8,FinTech,San Francisco,642741,25,1,0,1332,28,0.16679721382380241,0
2,0,0,0,9,DevTools,San Francisco,2303674,25,2,0,3011,8,0.5315802109973148,1
3,2,0,0,11,Robotics,New York,1967023,36,1,0,780,25,0.60597725854809,0
2,2,1,0,5,SaaS,New York,1500887,30,0,0,343,12,0.1573445388184953,1
1,0,0,1,4,DevTools,Austin,1243633,8,0,0,1299,6,0.1547238990088764,1
3,1,0,0,7,FinTech,New York,1162684,6,2,0,2437,2,0.856348715633756,1
3,0,0,0,8,HealthTech,Austin,1547176,23,2,0,899,16,0.31138743667004487,0
1,0,0,1,11,Climate,Boston,932633,44,2,1,571,13,0.630333387078631,0
2,0,1,0,2,FinTech,Boston,990613,7,1,0,2996,15,0.6267730756752141,1
1,0,1,0,4,DevTools,Remote,978810,8,2,1,1972,1,0.839170875582635,0
3,1,0,0,4,AI/ML,Austin,235502,34,1,0,1725,8,0.7398946312315234,0
3,2,0,0,4,HealthTech,Boston,2797974,24,0,0,958,0,0.8405764334382778,1
3,1,1,0,6,FinTech,Seattle,862344,15,1,0,70,9,0.6252147896506657,0
4,2,0,0,10,Climate,New York,662220,14,2,0,212,27,0.449457160513994,0
4,1,1,1,2,Robotics,Seattle,623280,33,1,0,2725,4,0.3935665213130747,0
2,0,0,0,10,FinTech,Remote,2966893,27,2,0,320,20,0.37902976666143584,0
1,0,0,0,8,SaaS,New York,1534880,32,2,0,987,0,0.4183930979091578,0
3,0,1,0,8,Climate,New York,1115374,17,0,0,3643,16,0.12930925215377032,1
4,0,0,0,8,Robotics,Austin,1330899,28,0,0,1375,27,0.423958371003167,1
4,2,0,0,3,Robotics,New York,447492,42,0,0,2978,10,0.38944490720262115,1
1,2,0,0,9,AI/ML,Boston,1078267,19,2,0,1373,5,0.03457166331823147,0
1,2,0,0,4,SaaS,Remote,896333,22,2,0,3727,17,0.27513075532634,1
1,1,0,0,7,Climate,Boston,2449011,12,0,1,3287,8,0.7519069747402168,0
1,1,0,0,8,AI/ML,San Francisco,363560,32,0,1,1879,26,0.5779455714096253,1
3,1,1,0,8,FinTech,New York,1391254,7,1,0,2737,25,0.8061674967560302,1
3,1,1,0,5,Robotics,Seattle,2412083,16,1,0,1653,19,0.5426880443807649,1
2,2,0,0,5,DevTools,New York,2534070,35,2,0,3777,19,0.8540837654752674,1
2,2,0,0,6,HealthTech,Boston,1635148,6,2,0,1433,18,0.7960670996017167,1
4,2,0,0,2,HealthTech,Seattle,823075,47,0,1,3345,22,0.09828457014224712,0
2,1,1,0,9,SaaS,New York,1143562,22,0,0,2465,13,0.9770063680159924,0
4,0,0,0,2,FinTech,Boston,822415,22,1,0,2574,29,0.014747446901328787,0
4,2,0,0,6,FinTech,Austin,2053738,28,1,0,1406,10,0.5968380379296185,1
2,1,0,0,8,Climate,San Francisco,1019394,32,2,0,3331,0,0.7925115093167623,0
1,2,0,0,2,Robotics,Austin,1965810,25,1,0,2985,20,0.33189413985090344,0
4,1,0,0,11,FinTech,Austin,2035943,43,1,0,3261,19,0.5985697922971579,0
3,2,0,0,5,FinTech,San Francisco,2831641,46,0,0,3205,29,0.3621225308474483,1
2,1,1,0,2,DevTools,Remote,1236982,14,0,0,630,11,0.0606149750075019,0
3,2,1,0,8,FinTech,Boston,2891529,35,2,1,3503,12,0.008461519089330904,1
3,2,1,0,7,Climate,San Francisco,1322006,18,2,0,3367,16,0.09486203011118832,1
4,0,0,1,8,FinTech,Remote,2105914,47,0,0,971,11,0.0984095941200468,1
2,1,0,1,9,AI/ML,Remote,2052535,16,2,1,3926,23,0.6108897773937499,1
4,1,0,0,6,FinTech,San Francisco,2489884,18,1,0,2108,12,0.5258652309625133,1
4,2,1,1,10,Robotics,San Francisco,1513510,35,1,1,1287,23,0.45546330017314207,1
1,2,0,0,5,Robotics,Austin,2418790,39,2,0,893,12,0.6919214756024176,0
1,2,1,1,7,DevTools,Boston,1194942,11,2,0,1458,6,0.016826137012448394,1
3,1,0,1,3,HealthTech,Seattle,1575649,29,0,0,150,29,0.2709834814157309,0
1,1,1,0,8,SaaS,Austin,1599087,20,0,0,2762,15,0.7773927312876279,1
2,1,0,0,4,FinTech,Boston,2172483,31,2,0,2831,21,0.9099771065171185,0
2,2,0,1,8,Climate,San Francisco,1931371,29,2,0,2671,17,0.4383365962375816,1
4,0,0,1,10,Climate,Boston,419125,47,0,0,2195,10,0.08148398013846636,0
4,1,0,1,10,Climate,Remote,2465382,45,2,0,1450,29,0.798728739228488,0
1,0,0,0,11,FinTech,Boston,2322459,33,1,0,2895,11,0.8851704332727336,0
4,2,0,0,3,SaaS,Austin,492746,34,1,0,3485,29,0.41366027069371947,1
1,1,0,1,3,Climate,New York,2893132,43,0,0,350,12,0.24335525392027701,1
3,1,1,0,11,Robotics,Remote,2050017,13,2,1,1531,0,0.04397166822294529,1
4,1,0,0,5,FinTech,San Francisco,437929,36,2,1,3982,1,0.591082821894856,1
4,1,0,0,2,Climate,New York,1575908,38,1,0,3447,29,0.9098694905624992,1
1,2,1,0,4,SaaS,San Francisco,2541124,11,2,0,3977,15,0.6778880255203257,1
4,1,0,0,10,FinTech,Remote,983520,43,2,0,733,11,0.31724859789473436,0
1,1,0,0,5,SaaS,Austin,2812344,35,2,0,1859,24,0.6428883242899669,1
3,0,1,0,2,AI/ML,Remote,1371533,20,2,0,521,18,0.8320684074480255,0
2,0,1,0,9,SaaS,Boston,833328,26,2,0,3464,19,0.4758300593494579,0
2,1,0,1,3,Climate,Boston,1198061,26,2,0,2075,20,0.8197484899978386,0
1,2,1,0,5,FinTech,Boston,1669471,44,2,0,974,5,0.3919096766663541,1
4,2,0,0,2,AI/ML,New York,2126764,46,1,0,361,2,0.34850567859577064,1
2,1,0,0,8,SaaS,Boston,2798003,39,2,0,2950,21,0.582988625878554,0
3,1,0,1,6,FinTech,Seattle,745707,33,0,0,3247,0,0.46468641769448127,0
2,1,0,0,10,DevTools,Remote,2888632,10,1,0,3516,21,0.9771119204610832,1
2,0,1,0,5,AI/ML,Boston,1677562,44,1,0,3885,3,0.5163894235281747,1
4,0,0,0,4,Robotics,Remote,558070,11,2,0,3258,7,0.38517202891602154,0
1,1,1,0,3,DevTools,Remote,2794110,13,0,0,3145,21,0.39493354312853624,1
3,0,0,0,4,Robotics,Boston,1177211,8,1,0,3247,18,0.5479399506131166,0
3,0,0,1,6,FinTech,Austin,1937638,45,0,0,3994,23,0.3549120380081954,1
2,0,0,0,2,FinTech,San Francisco,2154804,26,2,0,1852,18,0.722906601964936,0
2,0,0,0,6,Climate,New York,237539,15,2,0,3034,1,0.3806629277016409,0
1,1,1,1,10,Climate,Remote,820363,9,0,0,3279,25,0.3841443865252431,0
4,2,0,0,9,SaaS,San Francisco,2122077,23,2,0,465,6,0.6169732493768046,0
4,2,0,1,8,Robotics,Austin,1109357,36,1,0,2762,4,0.06084687269600997,0
1,1,0,0,10,SaaS,Seattle,226127,47,2,0,1355,26,0.6553549181151461,0
1,1,0,0,9,AI/ML,New York,265214,29,2,1,529,5,0.5049722171586871,0
1,0,1,1,8,HealthTech,Remote,2514049,31,0,0,681,16,0.45302611428664163,0
1,0,0,0,10,Robotics,Boston,629860,41,0,0,456,14,0.7192529907079513,1
4,1,1,0,3,DevTools,San Francisco,481188,43,1,1,3590,23,0.758255782004861,0
4,1,0,1,10,Robotics,New York,1774522,17,0,0,3087,1,0.8462608634124593,0
1,0,0,0,4,DevTools,Seattle,533022,47,0,0,408,3,0.37480312081744727,0
3,1,0,0,9,AI/ML,Remote,2028652,27,2,0,2501,12,0.3270376922533811,0
1,0,0,0,11,DevTools,Remote,1723468,45,2,0,2641,14,0.7143421014945195,1
2,0,1,0,6,SaaS,Remote,2016953,10,1,0,2077,23,0.5818048591404459,0
3,2,1,0,2,Climate,San Francisco,1576492,10,0,1,2424,18,0.6318015463518166,1
3,1,1,0,5,AI/ML,Seattle,2379409,43,0,1,3629,4,0.5555229071058353,1
4,1,0,0,6,FinTech,San Francisco,2005313,34,2,0,2075,29,0.7726930232038545,1
1,2,0,0,11,SaaS,San Francisco,1362787,13,0,0,2638,13,0.19004088849215317,1
1,2,0,0,11,Robotics,Seattle,243061,43,0,0,2284,28,0.5557121327413967,1
2,2,0,1,7,SaaS,Austin,965774,10,1,0,1584,29,0.1581017889436298,0
2,1,0,0,11,AI/ML,Boston,568006,34,1,0,3563,1,0.4072519392909919,0
4,2,0,1,6,Climate,Remote,243625,14,1,0,1655,15,0.6639938234160748,0
4,1,0,0,6,SaaS,San Francisco,964877,8,1,0,3199,12,0.4930716083141704,1
2,2,1,1,10,Climate,Boston,778563,39,2,0,2420,14,0.37959153667218126,1
4,2,0,0,8,Climate,Remote,414872,41,1,0,2739,9,0.8849700014156061,1
2,1,0,0,7,DevTools,Austin,1074685,10,2,0,3041,16,0.7728257144974784,1
3,2,0,1,6,FinTech,Boston,1618382,9,1,0,2943,14,0.526290785000375,1
2,1,0,0,9,FinTech,Austin,698979,31,1,1,2257,5,0.9500531556754879,0
1,2,0,0,9,SaaS,Remote,964711,7,1,0,2461,8,0.42436528943499385,1
4,0,0,0,6,AI/ML,San Francisco,256404,37,2,0,2035,4,0.788072927588106,0
1,2,0,0,2,AI/ML,Remote,341132,44,2,0,1356,25,0.16793623980141792,0
1,1,1,0,3,HealthTech,Seattle,640853,37,0,0,2907,20,0.28579247711059697,1
1,2,1,0,3,SaaS,Seattle,1468186,15,2,1,3515,11,0.33808558133395483,0
2,1,0,0,6,Climate,Austin,2065078,13,2,1,2821,11,0.10582075270452329,0
1,2,0,0,8,Climate,Boston,2407348,34,2,0,3088,2,0.5018048150760679,1
1,0,0,0,10,DevTools,Austin,1962839,8,0,0,3321,8,0.19226013412649567,0
3,0,0,0,4,AI/ML,New York,1927179,28,2,0,1469,27,0.6341858894496586,1
4,1,0,0,9,HealthTech,Remote,2819914,24,0,0,250,0,0.1900923595730183,0
1,2,0,0,8,AI/ML,Boston,915796,37,0,0,1350,4,0.12350625733927534,0
2,2,0,0,2,SaaS,Seattle,2434871,14,2,0,3019,25,0.9690867275989246,0
3,1,0,0,5,SaaS,San Francisco,2823239,38,0,0,3262,15,0.6582403058111063,1
4,1,0,0,5,FinTech,Seattle,1789717,35,2,0,2055,0,0.9364509147084885,1
3,1,0,0,10,HealthTech,Boston,2553553,16,1,0,3114,14,0.48988779199323196,0
4,2,1,0,11,HealthTech,Remote,585157,20,0,0,298,22,0.033402463063374244,1
3,1,0,0,10,Robotics,San Francisco,2660592,8,0,0,2576,10,0.5743711704314439,0
2,1,0,0,7,DevTools,Boston,1779401,24,2,0,2716,11,0.5583288868357085,1
1,2,1,0,6,SaaS,Boston,820295,16,2,0,2031,18,0.014975605936593972,1
4,0,0,0,5,DevTools,Boston,372466,10,1,0,2866,17,0.8612420444018316,0
4,2,0,0,9,Climate,San Francisco,2215798,29,2,0,1965,27,0.6199706806164247,1
1,0,1,0,2,DevTools,Austin,1406477,29,0,0,2094,7,0.7446911693761461,0
3,0,0,0,4,FinTech,New York,1068009,9,1,0,2415,8,0.4939211061575146,0
1,2,0,0,3,Robotics,Boston,1292724,13,0,1,3175,4,0.618402437908263,0
3,2,0,0,6,Climate,New York,2974836,9,1,0,994,19,0.2574698932285242,1
4,2,0,0,4,SaaS,Austin,1397878,34,0,0,1200,16,0.9737577677686472,1
1,2,0,0,3,Robotics,Boston,420573,20,1,0,1675,10,0.4007200075476651,0
2,1,0,0,5,FinTech,San Francisco,983512,8,1,0,807,20,0.1623266213376291,0
1,1,0,0,10,AI/ML,Seattle,607018,14,1,0,1336,11,0.055915418374627324,0
3,0,0,1,7,Climate,Seattle,2120325,46,1,0,1402,5,0.6361719330853711,1
4,0,0,0,10,HealthTech,San Francisco,2441118,16,1,0,1256,16,0.9833798511764558,0
1,0,0,0,11,DevTools,San Francisco,2554644,34,1,0,1640,13,0.8957944968462817,0
2,0,0,0,11,FinTech,Remote,1972071,25,0,0,2019,12,0.7021045674864136,0
4,1,1,0,5,HealthTech,New York,2351847,13,0,0,2783,13,0.9905979289928608,0
2,2,0,0,10,HealthTech,Remote,1368413,18,1,0,1211,27,0.7228282620421065,1
1,2,0,0,11,HealthTech,Austin,1957705,6,2,0,3382,6,0.33925112340139596,1
2,1,0,1,11,SaaS,Austin,499529,37,2,0,1917,8,0.6012181330601731,1
3,2,0,1,5,Climate,New York,1707365,20,1,0,2883,16,0.07976664248556153,1
3,2,0,0,4,DevTools,Boston,1760909,26,2,0,459,1,0.22168249022254083,0
2,2,0,0,7,AI/ML,San Francisco,287035,12,2,0,695,4,0.4175402359284922,0
4,1,0,0,11,DevTools,Austin,1735263,40,1,0,1814,16,0.20181849356304526,0
3,0,1,0,11,FinTech,Austin,2224215,15,0,0,1464,15,0.9535010148281706,1
2,2,1,0,7,HealthTech,San Francisco,1229254,29,1,0,1984,19,0.9955975267446494,1
4,0,0,1,3,HealthTech,Austin,1725952,42,1,0,633,3,0.37093592012166543,0
4,1,0,0,6,AI/ML,Boston,1001005,35,0,0,1894,25,0.7092289860771986,1
2,0,0,0,9,HealthTech,Seattle,958074,31,2,0,2746,14,0.40777073066324054,0
1,2,0,1,7,FinTech,San Francisco,562582,43,2,0,2913,4,0.1395092043862064,1
3,1,0,0,5,SaaS,Remote,1117957,13,0,1,992,9,0.33692684770210857,0
3,0,1,0,5,Robotics,Remote,2448944,46,1,0,1377,6,0.2333716987156632,0
1,0,1,1,2,AI/ML,Seattle,2819699,29,0,0,2101,13,0.32807822040741974,0
3,1,1,0,4,Climate,Remote,1979753,23,0,0,2071,14,0.21502168839771651,1
4,1,0,0,8,Climate,Austin,1948214,16,0,0,3167,13,0.1123451190582464,1
1,2,1,0,4,HealthTech,Seattle,1918699,37,1,0,1561,13,0.2174284293624129,0
3,0,0,1,11,DevTools,Seattle,1532554,47,0,0,2683,27,0.9057570318298428,0
1,2,0,0,2,SaaS,Boston,1384499,34,0,0,3535,28,0.08522167577652873,1
3,1,0,0,7,HealthTech,New York,1938580,7,1,1,1193,14,0.3247566437552345,1
2,2,1,0,6,AI/ML,Boston,2396321,25,1,0,3291,28,0.5284498945026354,1
1,0,0,0,10,HealthTech,Remote,1358478,36,0,0,1331,24,0.3545126561783568,0
4,0,1,1,10,FinTech,Remote,1784497,22,1,0,1337,24,0.5176070950188872,1
1,0,0,0,7,HealthTech,Austin,1516510,38,0,1,2613,6,0.04342006023435396,0
3,1,1,1,8,FinTech,New York,999437,35,2,1,2487,13,0.6485696333643778,1
1,2,0,0,8,FinTech,Seattle,1012865,8,1,0,2197,10,0.5634788015560602,0
4,0,0,0,7,Robotics,San Francisco,420558,29,2,1,924,2,0.6809662658546916,1
3,1,1,1,3,AI/ML,San Francisco,1431589,13,0,1,385,2,0.567257815827237,0
4,0,0,0,6,Climate,Boston,2194876,26,2,0,3635,18,0.4379035824256632,0
2,2,0,0,4,SaaS,Remote,2119658,22,1,1,3495,12,0.35014154229408245,1
2,2,0,1,6,Climate,New York,2959868,39,0,0,3546,24,0.2264351900997762,1
3,2,0,0,8,Robotics,Austin,311837,42,2,0,2050,20,0.5000677268066126,0
4,2,0,0,4,AI/ML,New York,2329840,25,0,0,3538,2,0.026052452377506974,1
4,1,0,1,4,HealthTech,Austin,2426076,28,0,0,1893,25,0.32824082809932575,1
1,2,0,0,10,FinTech,San Francisco,1422016,32,2,0,302,14,0.6778722935645294,1
3,0,1,0,5,Climate,Boston,992342,33,0,0,793,16,0.10871703968635926,0
1,2,0,0,3,Climate,Boston,1199885,32,1,1,1090,28,0.06289124231952858,1
2,2,0,0,9,Robotics,New York,2111167,38,0,0,1507,19,0.6521786052913653,0
4,2,0,0,9,HealthTech,New York,2614066,47,0,1,3756,0,0.39777472114235024,1
2,1,0,0,10,FinTech,Seattle,1999630,40,0,0,1331,5,0.8018250365493811,1
4,2,0,0,9,Robotics,New York,1639724,11,0,0,2450,12,0.9373113039713239,1
2,1,1,0,11,Climate,San Francisco,2027358,26,1,0,1082,1,0.957040453732577,0
1,0,1,0,7,SaaS,San Francisco,397670,25,1,0,2573,5,0.4255928538941792,0
2,2,0,0,4,DevTools,Remote,1902760,27,0,0,2269,23,0.2643272242750323,1
3,0,0,0,10,DevTools,Austin,317993,28,1,0,601,4,0.608613738742478,1
4,0,0,0,4,HealthTech,San Francisco,2885485,36,0,0,1849,5,0.6281929259282364,0
3,1,0,0,4,SaaS,Remote,2689779,23,1,0,421,15,0.6223449360758967,0
4,0,0,0,10,FinTech,San Francisco,1623363,17,2,0,3556,2,0.32177861371888117,0
4,2,0,1,10,Robotics,Austin,1247426,25,2,1,2816,7,0.06375173641730303,0
4,1,0,0,5,FinTech,San Francisco,2250493,41,2,0,3765,28,0.21000483882559895,1
3,0,0,0,9,DevTools,Seattle,1985231,19,0,0,3502,18,0.15441942802223374,0
2,2,0,1,11,HealthTech,Seattle,2175258,6,0,0,877,28,0.12390034578331022,1
2,1,0,0,9,Climate,Seattle,1643629,47,2,1,2828,10,0.9262833210715731,1
1,0,0,0,2,Climate,New York,861549,14,0,0,400,18,0.013847645973967926,1
2,2,0,0,8,Robotics,New York,405104,31,2,0,3842,7,0.6018577392363217,0
4,1,0,0,3,SaaS,Remote,993256,39,1,0,3141,11,0.9474737957401368,1
2,0,0,0,10,FinTech,Seattle,1681196,17,0,0,2721,5,0.3600531274941279,1
1,2,0,0,2,FinTech,San Francisco,1387247,20,2,0,3979,24,0.5270980891724625,1
3,1,0,0,11,Robotics,Seattle,1617825,17,1,0,3387,5,0.6957836634751596,1
4,2,1,0,3,DevTools,Seattle,977554,12,2,0,3454,6,0.31716969465823885,1
4,2,0,1,6,AI/ML,Boston,2826035,12,1,0,400,13,0.47765198770724915,1
2,1,1,0,4,SaaS,Boston,1226880,13,0,0,94,12,0.817102850332752,1
2,2,1,0,10,Climate,San Francisco,2569237,25,2,1,3844,9,0.7453556652802635,0
3,0,0,0,5,AI/ML,San Francisco,1294689,28,0,0,1005,10,0.8084494114928407,1
1,0,0,1,9,SaaS,San Francisco,1442041,6,1,0,1705,8,0.987340163627656,0
2,1,0,0,2,Climate,San Francisco,1890820,41,1,0,173,27,0.370327474936179,1
1,2,1,0,6,Climate,Remote,936770,34,2,0,2492,17,0.7470912629357731,0
4,1,0,0,11,Robotics,Boston,815692,8,2,0,3283,27,0.6027845671019829,0
3,1,1,0,11,DevTools,Seattle,1261734,41,1,0,3366,29,0.6666047672211963,1
4,2,0,0,4,DevTools,New York,2452017,7,2,0,2325,19,0.7398739048329345,1
4,2,0,0,5,Climate,Remote,604881,29,0,0,2645,24,0.7497313169463148,1
4,2,0,0,6,FinTech,New York,1425101,25,0,0,2054,3,0.8857451492948196,1
1,0,0,1,7,FinTech,Remote,2081927,27,2,0,1784,28,0.3493216752360554,0
4,2,0,0,7,SaaS,San Francisco,2177483,46,1,1,2217,14,0.6534813561119106,0
1,1,0,0,3,FinTech,San Francisco,1416338,44,1,0,3743,21,0.28029043159685585,1
2,1,0,0,9,DevTools,San Francisco,428038,17,0,0,1009,7,0.5945687051169751,1
3,1,1,0,4,FinTech,Seattle,244538,30,0,0,1880,2,0.7511751401719279,1
2,0,0,0,5,FinTech,New York,1515903,46,2,0,2406,26,0.7910010861616403,1
1,0,0,0,10,Climate,Austin,2468125,36,2,1,2280,13,0.42012450298912274,0
1,1,0,0,8,SaaS,Austin,279014,43,2,0,122,4,0.5087202232013598,1
4,2,1,0,5,DevTools,Seattle,2684940,24,1,0,1149,19,0.33384985117017285,1
2,2,0,0,11,AI/ML,Austin,2092547,17,1,0,2584,1,0.1690363465396305,1
2,0,1,0,5,FinTech,San Francisco,222555,27,0,0,2776,13,0.2605174051925322,1
4,2,0,0,7,FinTech,Austin,1162388,40,0,1,2937,21,0.9121370048998244,0
1,0,0,0,4,Robotics,New York,817404,45,1,0,3965,21,0.30896954240931596,0
4,2,0,0,3,HealthTech,Seattle,2857907,34,1,0,2692,13,0.9747593335456102,1
4,1,0,0,6,HealthTech,Seattle,1753390,35,0,0,2318,11,0.24147808521538172,0
3,1,1,0,7,AI/ML,San Francisco,1107547,27,1,0,1328,25,0.7230710874810448,1
1,2,0,0,10,DevTools,Seattle,978535,19,1,0,1481,5,0.5739032935718357,1
1,1,0,1,5,Robotics,San Francisco,1778656,23,2,0,3305,2,0.6968700495247986,0
2,2,1,1,10,HealthTech,Boston,214264,26,2,0,1874,4,0.643957946609181,1
3,1,1,0,8,Climate,Austin,920685,40,1,0,2862,24,0.7067485835975892,1
1,2,1,0,2,FinTech,New York,663147,29,1,0,496,14,0.905547048435459,0
2,1,0,0,9,FinTech,Austin,1936315,39,2,0,513,1,0.5634694960624814,1
1,0,0,0,7,SaaS,New York,2073826,7,2,0,861,5,0.06784878290399521,0
3,2,1,0,5,AI/ML,Seattle,1507718,37,0,0,780,0,0.27082543444689955,1
1,1,0,1,6,DevTools,Remote,592081,27,2,0,2427,24,0.7082189804087639,1
3,1,0,1,5,HealthTech,Seattle,1237759,47,0,0,2548,13,0.49407462797567336,0
1,0,1,0,8,AI/ML,Austin,2560121,25,1,1,2231,2,0.5485519826196869,0
1,0,0,0,7,DevTools,Boston,770330,26,0,0,1157,6,0.5965804553802915,1
1,1,0,0,6,Robotics,Austin,657429,11,2,0,2306,18,0.38262927298456995,0
4,0,1,0,4,AI/ML,Seattle,512259,39,0,0,477,17,0.7738955250878552,0
1,2,0,1,5,SaaS,Boston,2486801,35,2,0,1891,24,0.7235348838965485,0
2,2,0,0,6,DevTools,Austin,535661,42,0,0,619,0,0.7142994121931139,1
3,2,0,1,6,SaaS,Austin,1828532,9,0,0,306,2,0.7153101740349447,1
3,2,0,0,5,AI/ML,Austin,2997312,14,1,0,662,1,0.8903580016542478,1
3,1,0,0,7,Robotics,Boston,1997073,42,2,1,444,11,0.5953927794432744,1
4,0,1,0,4,AI/ML,Seattle,1354470,7,0,0,1911,21,0.9670721994969583,1
2,1,1,0,7,Robotics,Austin,779115,27,0,0,2183,19,0.1191926843906379,0
4,1,0,0,3,Climate,Seattle,205403,22,0,0,2429,6,0.6319589765938644,0
2,2,0,0,6,HealthTech,Seattle,635576,45,1,1,1758,19,0.7169265459357955,1
4,0,1,0,9,AI/ML,Austin,2868200,41,0,1,705,19,0.4772204109543595,1
3,1,0,1,10,Climate,Remote,602089,43,2,0,83,5,0.28820838645693647,0
3,1,0,0,8,AI/ML,New York,255943,18,0,0,2849,22,0.550037452711099,1
4,0,0,0,9,Climate,Remote,2485002,30,2,0,3930,12,0.3647476802907027,1
4,0,0,0,2,SaaS,New York,1372041,35,2,0,1124,1,0.9091240710678165,0
4,1,0,0,5,FinTech,Boston,1199588,46,2,0,818,11,0.3567924125332549,0
3,0,0,0,8,FinTech,New York,2208937,6,2,0,1246,23,0.17570699270212908,0
1,0,0,0,10,FinTech,Austin,1664479,47,2,0,857,20,0.5763891401654528,0
2,1,0,0,7,FinTech,Austin,2760877,20,0,1,893,8,0.39599259138036935,0
1,0,0,0,10,AI/ML,Seattle,1509276,11,1,1,1978,22,0.09589814480084102,0
4,1,0,1,4,FinTech,San Francisco,2196081,31,2,1,3140,11,0.5648423509979084,0
1,0,0,0,3,Climate,Remote,2660815,38,1,0,2849,13,0.5378464111657014,0
1,0,0,1,2,HealthTech,Remote,1498152,11,2,0,3839,2,0.1731970866331951,0
1,1,0,0,7,SaaS,Boston,995988,7,2,0,1429,29,0.5976381689598429,1
3,2,0,0,8,SaaS,Boston,2928437,43,2,0,1969,25,0.567358973857489,1
3,1,0,0,4,SaaS,Seattle,835022,45,0,0,1521,5,0.773612623041591,1
4,2,0,0,9,DevTools,New York,310094,12,1,1,168,16,0.36156992984263436,1
2,1,1,0,9,HealthTech,Seattle,1818828,43,0,0,1553,23,0.2487595236636393,1
2,1,0,0,5,Robotics,New York,2963298,44,0,0,1042,15,0.9512198869707755,1
1,1,1,0,4,FinTech,Seattle,442027,47,0,0,1914,6,0.5612175227827881,1
1,2,1,0,9,DevTools,New York,2578296,15,1,0,632,29,0.027139958884180304,1
2,2,0,0,8,DevTools,Seattle,2525211,30,1,0,2966,8,0.8207116841117432,0
4,2,0,0,3,SaaS,Seattle,2801004,47,2,0,3371,10,0.19675806091894077,1
3,2,1,1,4,DevTools,New York,1380375,43,2,0,3843,11,0.7860363176458435,1
4,1,0,0,6,SaaS,Boston,913362,31,2,0,339,26,0.7051624271559648,1
1,1,0,1,7,Robotics,Austin,1634000,14,0,0,470,15,0.9688137242631573,1
1,2,0,0,3,HealthTech,New York,598882,9,1,0,3865,21,0.9655793015945262,1
4,0,0,1,11,Robotics,Boston,2559981,16,2,0,3392,27,0.27441062465575994,0
1,1,0,1,5,FinTech,Remote,2057282,8,0,0,2354,27,0.7664495812234184,1
1,2,1,0,5,Robotics,San Francisco,1553312,14,1,0,1286,25,0.31685508577992394,1
2,1,1,0,2,FinTech,Remote,1644406,9,2,0,2070,27,0.6291979388295943,0
4,0,0,0,10,SaaS,Remote,2193941,38,2,0,2142,28,0.5977460849545931,0
3,1,0,0,4,HealthTech,Boston,1664870,30,2,0,3389,29,0.05454351562116466,1
1,0,0,0,11,Robotics,Boston,2551458,27,1,0,2117,19,0.005181749835357574,0
4,2,1,0,6,AI/ML,Austin,2788933,40,1,1,110,3,0.05776401459480951,1
4,2,0,1,10,DevTools,San Francisco,2859412,23,1,0,2798,3,0.1279420475317411,1
4,0,1,0,3,Robotics,Boston,1936226,22,2,0,3108,23,0.2576524913477737,0
4,1,1,0,3,AI/ML,Seattle,2279141,14,1,1,1192,9,0.9069552232425624,0
1,2,0,0,10,FinTech,New York,1070978,24,1,0,466,24,0.5186326753466863,1
4,2,0,0,10,AI/ML,Seattle,306726,13,0,0,568,28,0.7968917388407887,1
2,0,1,0,7,HealthTech,Seattle,1320186,30,1,0,3363,19,0.8383117521072081,0
4,1,0,0,2,HealthTech,Seattle,2640790,47,0,0,1790,22,0.7349430985905412,0
3,1,0,0,11,Climate,Austin,573788,28,1,0,2116,8,0.39138512442057194,1
4,1,1,0,5,FinTech,Austin,1727995,18,2,0,3842,13,0.8638593938409828,1
3,0,0,0,11,FinTech,Austin,738479,34,2,0,244,28,0.7420497533209206,0
3,0,0,0,10,FinTech,Remote,1401961,40,1,0,823,24,0.7431514434050525,0
3,2,0,0,10,Robotics,Remote,601380,25,2,0,3332,6,0.9015743271655693,1
4,0,0,1,8,Robotics,Austin,2257285,16,2,0,2160,28,0.5986634724576837,0
3,0,1,1,8,FinTech,Remote,2468815,35,1,0,109,14,0.5285744299621766,1
1,0,0,0,7,FinTech,Boston,2323391,13,2,0,2811,25,0.8901625575970753,1
4,0,0,0,2,AI/ML,Austin,2173645,47,1,0,553,15,0.45446172816419683,0
3,0,0,0,5,Robotics,San Francisco,858428,19,2,0,3128,18,0.8115706960288429,0
2,1,1,0,9,Climate,Boston,1684966,20,1,0,3191,4,0.05384636044480773,0
3,2,0,0,10,SaaS,Boston,493399,36,0,0,3297,10,0.001289944456322134,1
4,0,1,0,7,HealthTech,Remote,1248229,6,0,0,1859,21,0.5282924896043568,0
4,0,0,0,9,Climate,Seattle,1616281,14,2,0,1071,25,0.07361189381638022,0
4,0,1,1,2,AI/ML,San Francisco,2071784,11,0,0,3525,2,0.9765430134530636,0
2,1,1,0,6,Climate,Boston,471046,22,2,0,2235,2,0.005501174039798773,1
4,0,1,1,7,Climate,Seattle,2476134,29,0,0,2541,20,0.7181496364986464,0
2,2,1,0,10,HealthTech,Austin,1484933,13,1,0,546,13,0.24338469578622068,1
3,1,0,1,5,Climate,Austin,2667453,20,1,0,2494,25,0.9675520052720562,1
3,2,1,0,4,Climate,Seattle,1676931,38,1,0,2320,2,0.38154165062789613,1
1,1,0,0,5,DevTools,Boston,1731645,45,0,1,1168,10,0.02728342626386515,0
2,1,0,1,3,FinTech,Seattle,2139255,6,0,0,3067,1,0.02693576540878273,1
1,2,1,1,7,AI/ML,Austin,2495678,32,1,0,534,21,0.5533733717246886,1
1,1,1,0,8,Robotics,New York,641349,7,1,0,2877,25,0.9867119790312812,1
2,2,0,0,10,FinTech,Boston,1631656,27,2,0,3844,4,0.9797735350457194,1
2,2,0,0,11,HealthTech,Remote,283873,42,1,0,2269,9,0.3372729722892658,1
1,1,0,0,2,Climate,Boston,1528684,39,0,0,419,25,0.48270364918889697,1
2,2,0,0,4,FinTech,Seattle,2477840,15,0,1,2213,1,0.1004558057978161,0
3,0,0,1,5,HealthTech,San Francisco,2623209,16,1,0,2116,28,0.5221768559917317,0
1,2,0,0,4,Climate,Remote,993856,38,1,1,2208,26,0.5997015990482731,1
2,2,0,0,10,Climate,New York,1281847,40,2,0,1090,4,0.25106166561132104,0
2,2,0,0,3,Climate,Remote,1744371,17,1,1,2504,4,0.6121144359151738,0
3,0,1,0,2,AI/ML,Austin,1308555,6,1,0,1056,20,0.8996927516962538,0
2,2,0,0,10,DevTools,Remote,698621,24,0,0,2231,0,0.0009553334234805311,1
3,1,1,0,11,DevTools,Remote,1053751,32,0,0,2378,15,0.22893377430794448,1
2,0,0,0,4,Climate,Seattle,1331358,24,2,0,2583,1,0.20991956332393813,0
2,0,0,0,5,FinTech,Remote,1652364,45,1,0,3191,15,0.12388620303382702,0
2,1,0,1,7,FinTech,Boston,2778049,40,1,0,3530,10,0.16610121273710188,0
1,0,0,0,7,SaaS,Remote,1725580,39,1,0,3108,21,0.6259125453653877,1
3,0,1,1,11,Climate,New York,1283926,6,0,0,3183,26,0.10269439015064263,0
1,1,0,0,6,SaaS,San Francisco,2049291,41,1,0,3475,14,0.7385316090207217,1
2,1,0,0,2,FinTech,Boston,2364556,37,1,1,969,19,0.8870225905583834,0
4,0,1,0,6,Robotics,Seattle,1405406,22,0,0,1171,18,0.926587724178369,1
4,2,1,0,7,FinTech,Seattle,1569943,30,1,0,2132,29,0.6601758143197008,1
3,2,0,0,7,Climate,Boston,809944,40,1,0,1863,6,0.19739641063361602,1
4,1,0,0,7,FinTech,Boston,2621405,44,0,0,2808,7,0.08529657553990788,1
4,2,0,0,11,Robotics,Boston,2627157,29,1,0,37,11,0.2320249538069996,1
2,1,0,0,10,HealthTech,Remote,689748,7,2,1,555,22,0.9619571857850425,0
4,0,0,0,4,SaaS,Remote,1168802,31,0,0,2987,25,0.9623452017507121,0
2,0,0,0,5,HealthTech,San Francisco,961454,34,2,0,3287,8,0.38191888391834206,1
2,2,1,0,8,SaaS,Boston,2784241,8,1,0,1209,3,0.3257915410975506,0
3,2,0,0,6,DevTools,Austin,382628,40,2,0,1243,18,0.5100105822590654,1
4,2,0,0,6,AI/ML,Seattle,780589,14,0,0,2245,17,0.2916880914674007,1
4,0,0,0,3,FinTech,Boston,1081740,43,2,0,1908,11,0.9796624516555633,0
2,0,1,0,4,Climate,Remote,1768160,29,1,0,677,5,0.2212213900245774,0
3,0,0,0,9,FinTech,Austin,897140,19,2,0,2001,25,0.3691426821827686,0
1,0,1,0,10,FinTech,Seattle,1702522,8,2,0,3277,25,0.4293708757001783,1
4,0,1,0,9,DevTools,San Francisco,2292233,6,0,1,2918,22,0.12506402308116216,0
3,1,0,1,5,FinTech,Remote,2520213,37,0,0,3269,17,0.38282482677012986,1
3,0,0,0,3,AI/ML,San Francisco,477373,21,0,0,2575,7,0.8567307201019734,1
4,2,0,1,3,Climate,Austin,588783,41,1,0,3509,12,0.14036100145675845,1
3,1,0,0,5,Climate,Remote,466542,15,2,0,999,2,0.5840219508261872,0
1,0,1,0,7,SaaS,Remote,2747824,44,1,0,183,7,0.4066371380600168,1
2,1,0,0,10,Robotics,Austin,2025876,45,0,0,456,13,0.17053672611745474,0
1,2,1,0,10,AI/ML,Austin,1687998,10,0,0,3969,13,0.012336164449205822,1
3,0,0,1,2,HealthTech,San Francisco,2414554,33,1,0,2562,2,0.2733433034899002,1
1,0,0,0,9,FinTech,Remote,1841106,45,2,0,991,28,0.06182896069800192,0
1,0,0,0,4,Robotics,San Francisco,859270,19,0,0,3416,8,0.3767684712967352,0
3,2,0,0,3,DevTools,San Francisco,1628465,8,1,0,1237,15,0.8102098556993457,1
3,0,0,0,7,AI/ML,Austin,2168992,42,1,0,2389,13,0.7196852608776124,1
3,1,0,0,2,Climate,San Francisco,300869,25,0,0,997,14,0.9473837117017669,1
4,1,0,0,5,AI/ML,San Francisco,1897738,7,2,0,379,25,0.42701541733706916,0
4,2,0,0,7,FinTech,Boston,1591853,41,2,0,1070,22,0.7078013985918528,1
1,0,0,1,4,SaaS,Seattle,394617,34,1,0,912,26,0.6653417221020202,1
4,2,1,0,7,DevTools,New York,937939,8,2,0,2210,11,0.21704630315825957,1
3,2,0,0,6,SaaS,Seattle,1455898,16,2,1,82,7,0.3035825052326585,1
3,1,0,0,9,DevTools,Boston,1159526,6,2,0,959,12,0.5298295333977603,1
1,0,0,1,3,SaaS,New York,1012185,46,0,0,2271,16,0.7966573190059218,0
3,2,0,1,2,DevTools,Seattle,2017484,7,0,0,1575,10,0.4618127344629326,1
3,0,0,0,7,AI/ML,Boston,1332215,39,1,0,2543,13,0.22774153617552728,0
3,1,0,0,4,AI/ML,Seattle,1593551,27,0,0,2622,4,0.9934656902803698,1
1,1,1,0,9,SaaS,San Francisco,2435284,30,0,0,3861,17,0.11557880635366846,0
3,0,0,1,2,AI/ML,New York,461010,40,1,1,3344,21,0.9558889074913278,0
4,1,0,0,7,HealthTech,New York,1207734,43,1,0,912,15,0.8090462884304888,0
3,0,0,0,11,AI/ML,Austin,404515,11,0,0,2770,26,0.8388935193078518,0
1,0,0,0,2,HealthTech,Remote,2796519,6,0,0,2508,29,0.7949175830914994,0
4,0,0,0,5,Climate,Seattle,719841,11,0,0,2377,27,0.208170941304622,0
4,0,0,0,10,FinTech,Boston,2495629,34,1,1,3195,2,0.6325823773952418,1
1,1,0,0,7,DevTools,Boston,734478,29,2,1,590,26,0.7567498124509318,0
4,2,0,0,3,Robotics,Remote,1107358,9,1,1,1500,10,0.7456857921016514,1
2,0,1,1,4,AI/ML,Austin,1903242,15,0,0,3264,13,0.2715653705440776,0
3,0,0,0,9,AI/ML,New York,2527848,28,1,0,3568,12,0.18111938776368142,0
2,0,1,0,10,FinTech,San Francisco,697880,36,0,0,149,8,0.3281229839145492,1
4,1,0,0,5,SaaS,New York,796739,20,0,0,1885,26,0.4798444803773918,1
4,0,0,1,6,HealthTech,Boston,2668814,45,0,0,1056,19,0.5737807470636765,0
4,1,1,0,9,Climate,Austin,1101501,47,1,0,671,29,0.8369503623191604,1
4,0,0,0,3,AI/ML,Austin,787329,38,1,0,228,28,0.769034227704616,0
4,0,1,0,4,SaaS,Austin,2281863,25,1,1,2152,12,0.6761505256665161,0
1,1,0,0,9,AI/ML,Remote,455168,42,1,0,2669,21,0.2634892929427606,1
2,1,0,0,3,Climate,Remote,2627500,36,1,1,2125,15,0.47888049893494333,1
3,1,1,0,9,FinTech,San Francisco,2652088,27,2,0,1473,14,0.33543587412796105,1
3,2,0,0,6,Robotics,San Francisco,2598257,24,2,0,3085,22,0.23492817955053413,0
1,1,0,0,11,HealthTech,New York,1026917,40,0,0,2608,20,0.010245360383479452,1
1,2,0,0,2,FinTech,Remote,519786,29,2,0,3633,27,0.3394619705706906,1
3,1,0,1,11,HealthTech,Austin,1391183,13,0,0,1388,23,0.2561162677146215,0
3,0,1,0,4,AI/ML,Remote,1136816,47,0,0,955,18,0.5719023269668166,0
1,0,0,0,2,FinTech,Boston,2885273,8,1,0,1822,27,0.0623017702837122,0
1,0,0,0,9,Climate,Boston,1968747,35,0,1,2027,3,0.2705195967102011,1
1,1,1,0,7,HealthTech,New York,2844233,33,1,0,1831,22,0.044769489988415345,1
3,0,0,0,10,HealthTech,Austin,2302451,30,0,0,3329,11,0.641417904513436,0
1,2,0,0,3,SaaS,San Francisco,2201767,8,1,0,182,12,0.5681895585686249,0
3,1,0,0,2,AI/ML,Boston,513166,26,2,0,2111,23,0.3374800230744732,0
2,2,0,0,7,HealthTech,New York,393029,43,2,0,1720,8,0.1473346004355438,0
2,2,0,1,10,FinTech,New York,330174,16,0,0,843,26,0.9579198327687352,0
3,1,0,1,6,DevTools,San Francisco,1861352,35,1,0,2564,14,0.5843924473886134,0
3,0,0,0,9,HealthTech,Seattle,764787,42,1,0,3205,10,0.6791133665720679,1
3,2,0,0,11,AI/ML,Remote,2969418,45,1,0,2184,9,0.5313487532694519,1
4,0,0,0,10,AI/ML,Austin,571453,27,1,0,339,12,0.806533247646205,0
4,0,1,0,7,SaaS,Boston,2851365,19,2,1,301,28,0.8963800495481213,0
4,2,0,0,8,AI/ML,Remote,2069391,35,1,0,1686,3,0.3827105435976298,1
3,1,0,0,7,SaaS,Boston,496806,26,0,0,2672,15,0.6900253122306106,1
2,0,1,0,8,Robotics,Boston,363669,32,2,0,1254,25,0.22988748454639696,0
1,1,0,0,7,DevTools,Austin,1308708,37,2,0,1235,14,0.6518550471620385,0
3,1,0,1,7,HealthTech,Boston,1149079,35,0,0,3440,16,0.39915562997655263,0
1,2,0,0,6,SaaS,Boston,1083502,16,1,0,57,10,0.006781599401304961,1
4,2,0,0,8,Robotics,Seattle,1679972,37,2,0,318,4,0.9555278684226207,1
4,0,1,0,9,AI/ML,Boston,563238,28,1,0,622,19,0.8684415455387189,1
1,0,1,0,11,Robotics,Boston,562479,45,1,0,3934,27,0.2908365503460284,1
4,1,0,0,8,Robotics,San Francisco,2145435,33,2,1,1990,15,0.9977573142328605,0
1,0,0,1,3,AI/ML,Remote,2972865,43,2,0,633,12,0.3171276745565341,0
3,0,0,0,7,AI/ML,Remote,966775,47,1,0,1241,3,0.45884418645907477,0
1,0,0,0,5,SaaS,New York,2809401,47,0,1,3877,28,0.8512590261744171,0
2,0,0,0,2,AI/ML,New York,1165624,37,1,0,2777,26,0.30459635132804086,0
3,2,0,0,2,Climate,Remote,1140483,31,2,0,894,27,0.45054028438750005,1
3,0,0,0,7,AI/ML,New York,453004,10,0,0,962,10,0.6655871671232555,1
2,0,0,0,11,Climate,Seattle,1385314,22,1,0,299,18,0.13046755477242822,1
4,2,0,1,7,FinTech,Seattle,1594309,25,1,0,3091,12,0.4223503686917177,1
4,0,0,0,6,AI/ML,Remote,2058556,38,0,0,549,7,0.3094099373616265,1
1,2,0,0,2,AI/ML,San Francisco,642870,30,1,0,1145,6,0.676774305864818,1
3,0,0,0,8,FinTech,Austin,728341,24,2,0,1393,11,0.1359693900603718,0
3,0,1,1,2,DevTools,Boston,1409853,12,0,0,2483,16,0.2327314791009374,1
2,0,0,0,10,AI/ML,Remote,395015,36,1,0,2425,3,0.7113762037524828,0
3,2,1,0,10,SaaS,New York,601358,24,2,0,3196,21,0.1562243697241148,1
4,1,0,0,11,Climate,New York,1961410,7,0,1,1189,13,0.4220192622398897,1
4,1,1,0,4,HealthTech,New York,2870779,17,1,0,1542,26,0.7128807220926188,1
4,0,0,0,3,Robotics,Seattle,1804294,42,0,0,1554,8,0.7654683844300053,1
3,0,0,0,4,Climate,Remote,605951,10,1,0,187,1,0.09488117867166845,0
2,1,0,0,9,Climate,San Francisco,2974773,23,1,0,2950,9,0.8519956094194782,1
4,0,0,0,4,FinTech,New York,1661284,27,0,0,2141,29,0.7239723011299664,0
2,1,0,0,10,Climate,New York,2207164,9,0,1,1902,9,0.33929458869331375,1
3,2,0,1,3,DevTools,Remote,751543,12,1,0,3981,21,0.76380285233024,1
2,2,1,1,2,Robotics,Austin,1819620,45,2,0,715,25,0.728298865340659,1
2,1,0,0,4,DevTools,New York,413813,30,0,0,3875,8,0.6008912265083856,1
1,0,0,0,9,Climate,New York,1952074,14,2,0,2721,19,0.5584811734058444,1
4,0,0,0,8,HealthTech,Boston,766464,13,0,0,884,6,0.7347034888995855,1
1,2,0,1,5,AI/ML,Austin,2746642,23,1,0,2714,10,0.9992599017054545,1
1,1,0,0,8,AI/ML,San Francisco,353367,36,1,0,3022,8,0.5785522493158853,0
4,1,0,0,8,Robotics,Seattle,2027363,36,1,0,1449,20,0.808717871762248,1
3,1,0,0,7,SaaS,Austin,590312,14,0,1,1379,26,0.7442737173155829,1
2,0,1,0,7,HealthTech,New York,2123940,36,2,0,3340,7,0.8558084020338257,1
3,2,1,0,3,Climate,Seattle,1581755,43,0,0,641,8,0.9545248613841384,1
2,2,0,0,4,AI/ML,Seattle,2908947,15,2,0,53,24,0.1930832074608152,0
1,2,0,1,7,AI/ML,San Francisco,2025083,7,1,0,2663,13,0.1654596363951163,1
3,2,1,0,3,DevTools,San Francisco,1241594,46,1,1,3626,15,0.5863518284149009,1
1,0,1,1,6,Climate,San Francisco,444551,27,0,0,2003,21,0.44929506288650445,0
3,0,0,0,3,Robotics,Seattle,1868120,38,1,0,539,4,0.5707226929191692,1
4,0,1,0,9,SaaS,Boston,1434852,19,2,0,2156,26,0.7980427344855086,1
4,2,1,1,3,FinTech,Seattle,347031,18,2,1,1007,10,0.9317144800492464,1
2,1,1,0,2,SaaS,Boston,1827491,15,2,0,3309,19,0.41741582519855813,1
4,1,0,0,8,DevTools,Austin,787985,15,0,0,2448,12,0.7179326455436245,0
3,2,0,0,4,SaaS,Boston,855831,25,1,0,1346,22,0.19679918784140937,1
2,1,0,0,5,FinTech,Seattle,225084,10,1,0,2498,18,0.5345519493545235,1
1,2,0,0,5,AI/ML,Austin,1241819,41,2,1,2668,5,0.021804777780519924,0
2,2,0,0,4,AI/ML,Remote,811154,27,2,0,2714,5,0.503750567133097,0
3,0,0,0,9,Robotics,Remote,401137,44,2,0,1464,26,0.5453364591254999,0
4,1,0,0,8,AI/ML,Seattle,1416025,27,0,0,2282,15,0.7354453357783313,1
1,2,0,0,4,Robotics,Remote,816367,18,0,1,170,8,0.6494847902069917,0
3,2,1,0,8,SaaS,Austin,575643,27,2,0,1614,4,0.35839673430580155,0
4,0,0,0,9,FinTech,San Francisco,1506908,12,2,0,1512,3,0.005730900713121323,0
4,0,0,0,7,Robotics,Austin,377071,40,1,1,2138,27,0.11548587362294893,0
2,1,1,1,7,FinTech,Seattle,2973238,36,0,0,3800,29,0.9730606535174523,1
1,2,1,0,11,FinTech,Seattle,1518687,12,0,1,3814,11,0.9223331583153058,1
2,0,1,0,6,Climate,Austin,2989542,30,2,0,1933,6,0.32509316308114533,0
4,1,1,0,5,HealthTech,New York,2667800,28,1,0,2584,12,0.2588529399238877,1
4,0,1,1,7,HealthTech,Austin,2942940,14,1,0,432,4,0.4364162936900374,0
3,0,0,0,10,FinTech,Seattle,1719643,11,2,0,1929,16,0.6899400296120728,0
1,1,0,0,9,Climate,San Francisco,1384641,37,0,0,2751,18,0.35682767265797366,1
1,1,0,0,2,AI/ML,New York,2215694,17,2,0,2731,29,0.06729384773115554,0
2,1,0,0,6,FinTech,New York,425905,27,0,1,3853,9,0.4027950924443964,1
3,0,1,0,9,DevTools,Seattle,2552548,16,2,0,1864,5,0.2605889944814319,0
1,2,0,1,4,DevTools,Austin,1106005,33,2,0,3631,4,0.3249300112112118,1
3,0,0,0,11,Climate,San Francisco,220763,8,1,0,3914,11,0.16295724578730442,1
3,2,0,0,10,FinTech,New York,865600,21,0,0,2287,18,0.6588400694456474,1
1,0,0,0,10,Climate,San Francisco,878495,28,0,0,365,1,0.5266309332452249,0
1,2,0,0,2,SaaS,Austin,239554,24,0,0,1505,22,0.2708631172953543,0
2,1,0,0,7,HealthTech,Remote,2072028,31,2,0,3058,13,0.5538624813062414,1
3,1,1,0,7,FinTech,Boston,466654,13,0,0,2322,23,0.49270784716723803,1
4,0,0,0,8,DevTools,Remote,2570746,24,1,0,3745,13,0.795974856566028,1
2,2,1,0,10,Climate,Seattle,1468937,37,1,0,3263,4,0.9559842693402016,0
2,0,0,1,5,AI/ML,Remote,2211071,20,2,1,252,0,0.13067050897865595,0
4,1,0,0,7,DevTools,New York,1151054,12,2,0,3444,16,0.8839134789079829,0
2,2,0,0,8,FinTech,Remote,569579,41,1,0,1429,16,0.7047969382849021,0
2,2,1,0,9,DevTools,New York,704990,38,2,0,3275,24,0.6925535452979048,1
2,2,0,0,9,Robotics,Austin,2008459,34,1,0,2031,26,0.3743008971424723,0
